tier	price
0-500 Gr/Desi	77.5
501-1000 Gr/Desi	78.75
1,01-2 Kg/Desi	81.25
2,01-3 Kg/Desi	82.5
3,01-4 Kg/Desi	85.0
4,01-5 Kg/Desi	86.25
5,01-6 Kg/Desi	90.0
6,01-7 Kg/Desi	103.75
7,01-8 Kg/Desi	125.0
8,01-9 Kg/Desi	131.25
9,01-10 Kg/Desi	138.75
10,01-11 Kg/Desi	143.75
11,01-12 Kg/Desi	153.75
12,01-13 Kg/Desi	158.75
13,01-14 Kg/Desi	165.0
14,01-15 Kg/Desi	153.75
15,01-16 Kg/Desi	156.25
16,01-17 Kg/Desi	157.5
17,01-18 Kg/Desi	168.75
18,01-19 Kg/Desi	168.75
19,01-20 Kg/Desi	168.75
20,01-21 Kg/Desi	169.9
21,01-22 Kg/Desi	169.9
22,01-23 Kg/Desi	169.9
23,01-24 Kg/Desi	169.9
24,01-25 Kg/Desi	169.9
25,01-26 Kg/Desi	194.9
26,01-27 Kg/Desi	194.9
27,01-28 Kg/Desi	194.9
28,01-29 Kg/Desi	194.9
29,01-30 Kg/Desi	194.9
30,01-31 Kg/Desi	199.9
31,01-32 Kg/Desi	209.9
32,01-33 Kg/Desi	207.9
33,01-34 Kg/Desi	219.9
34,01-35 Kg/Desi	229.9
35,01-36 Kg/Desi	239.9
36,01-37 Kg/Desi	287.5
37,01-38 Kg/Desi	291.25
38,01-39 Kg/Desi	301.25
39,01-40 Kg/Desi	303.75
40,01-41 Kg/Desi	337.5
41,01-42 Kg/Desi	343.75
42,01-43 Kg/Desi	348.75
43,01-44 Kg/Desi	353.75
44,01-45 Kg/Desi	360.0
45,01-46 Kg/Desi	365.0
46,01-47 Kg/Desi	373.75
47,01-48 Kg/Desi	378.75
48,01-49 Kg/Desi	380.0
49,01-50 Kg/Desi	390.0
50,01-51 Kg/Desi	398.75
51,01-52 Kg/Desi	410.0
52,01-53 Kg/Desi	421.25
53,01-54 Kg/Desi	430.0
54,01-55 Kg/Desi	442.5
55,01-56 Kg/Desi	460.0
56,01-57 Kg/Desi	467.5
57,01-58 Kg/Desi	476.25
58,01-59 Kg/Desi	492.5
59,01-60 Kg/Desi	501.25
60,01-61 Kg/Desi	512.5
61,01-62 Kg/Desi	521.25
62,01-63 Kg/Desi	532.5
63,01-64 Kg/Desi	543.75
64,01-65 Kg/Desi	557.5
65,01-66 Kg/Desi	568.75
66,01-67 Kg/Desi	582.5
67,01-68 Kg/Desi	590.0
68,01-69 Kg/Desi	603.75
69,01-70 Kg/Desi	615.0
70,01-71 Kg/Desi	623.75
71,01-72 Kg/Desi	635.0
72,01-73 Kg/Desi	646.25
73,01-74 Kg/Desi	656.25
74,01-75 Kg/Desi	667.5
75,01-76 Kg/Desi	681.25
76,01-77 Kg/Desi	687.5
77,01-78 Kg/Desi	706.25
78,01-79 Kg/Desi	712.5
79,01-80 Kg/Desi	728.75
80,01-81 Kg/Desi	737.5
81,01-82 Kg/Desi	746.25
82,01-83 Kg/Desi	758.75
83,01-84 Kg/Desi	770.0
84,01-85 Kg/Desi	778.75
85,01-86 Kg/Desi	795.0
86,01-87 Kg/Desi	803.75
87,01-88 Kg/Desi	820.0
88,01-89 Kg/Desi	828.75
89,01-90 Kg/Desi	835.0
90,01-91 Kg/Desi	851.25
91,01-92 Kg/Desi	860.0
92,01-93 Kg/Desi	870.0
93,01-94 Kg/Desi	885.0
94,01-95 Kg/Desi	892.5
95,01-96 Kg/Desi	910.0
96,01-97 Kg/Desi	917.5
97,01-98 Kg/Desi	926.25
98,01-99 Kg/Desi	998.21
99,01-100 Kg/Desi	1019.64
101.0	1253.18
102.0	1261.06
103.0	1268.93
104.0	1276.81
105.0	1284.68
106.0	1292.56
107.0	1300.43
108.0	1308.31
109.0	1316.18
110.0	1324.06
111.0	1331.93
112.0	1339.81
113.0	1347.68
114.0	1355.56
115.0	1363.43
116.0	1371.31
117.0	1379.18
118.0	1387.06
119.0	1394.93
120.0	1402.81
121.0	1410.68
122.0	1418.56
123.0	1426.43
124.0	1434.31
125.0	1442.18
126.0	1450.06
127.0	1457.93
128.0	1465.81
129.0	1473.68
130.0	1481.56
131.0	1489.43
132.0	1497.31
133.0	1505.18
134.0	1513.06
135.0	1520.93
136.0	1528.81
137.0	1536.68
138.0	1544.56
139.0	1552.43
140.0	1560.31
141.0	1568.18
142.0	1576.06
143.0	1583.93
144.0	1591.81
145.0	1599.68
146.0	1607.56
147.0	1615.43
148.0	1623.31
149.0	1631.18
150.0	1639.06
151.0	1646.93
152.0	1654.81
153.0	1662.68
154.0	1670.56
155.0	1678.43
156.0	1686.31
157.0	1694.18
158.0	1702.06
159.0	1709.93
160.0	1717.81
161.0	1725.68
162.0	1733.56
163.0	1741.43
164.0	1749.31
165.0	1757.18
166.0	1765.06
167.0	1772.93
168.0	1780.81
169.0	1788.68
170.0	1796.56
171.0	1804.43
172.0	1812.31
173.0	1820.18
174.0	1828.06
175.0	1835.93
176.0	1843.81
177.0	1851.68
178.0	1859.56
179.0	1867.43
180.0	1875.31
181.0	1883.18
182.0	1891.06
183.0	1898.93
184.0	1906.81
185.0	1914.68
186.0	1922.56
187.0	1930.43
188.0	1938.31
189.0	1946.18
190.0	1954.06
191.0	1961.93
192.0	1969.81
193.0	1977.68
194.0	1985.56
195.0	1993.43
196.0	2001.31
197.0	2009.18
198.0	2017.06
199.0	2024.93
200.0	2032.81
201.0	2040.68
202.0	2048.56
203.0	2056.43
204.0	2064.31
205.0	2072.18
206.0	2080.06
207.0	2087.93
208.0	2095.81
209.0	2103.68
210.0	2111.56
211.0	2119.43
212.0	2127.31
213.0	2135.18
214.0	2143.06
215.0	2150.93
216.0	2158.81
217.0	2166.68
218.0	2174.56
219.0	2182.43
220.0	2190.31
221.0	2198.18
222.0	2206.06
223.0	2213.93
224.0	2221.81
225.0	2229.68
226.0	2237.56
227.0	2245.43
228.0	2253.31
229.0	2261.18
230.0	2269.06
231.0	2276.93
232.0	2284.81
233.0	2292.68
234.0	2300.56
235.0	2308.43
236.0	2316.31
237.0	2324.18
238.0	2332.06
239.0	2339.93
240.0	2347.81
241.0	2355.68
242.0	2363.56
243.0	2371.43
244.0	2379.31
245.0	2387.18
246.0	2395.06
247.0	2402.93
248.0	2410.81
249.0	2418.68
250.0	2426.56
251.0	2434.43
252.0	2442.31
253.0	2450.18
254.0	2458.06
255.0	2465.93
256.0	2473.81
257.0	2481.68
258.0	2489.56
259.0	2497.43
260.0	2505.31
261.0	2513.18
262.0	2521.06
263.0	2528.93
264.0	2536.81
265.0	2544.68
266.0	2552.56
267.0	2560.43
268.0	2568.31
269.0	2576.18
270.0	2584.06
271.0	2591.93
272.0	2599.81
273.0	2607.68
274.0	2615.56
275.0	2623.43
276.0	2631.31
277.0	2639.18
278.0	2647.06
279.0	2654.93
280.0	2662.81
281.0	2670.68
282.0	2678.56
283.0	2686.43
284.0	2694.31
285.0	2702.18
286.0	2710.06
287.0	2717.93
288.0	2725.81
289.0	2733.68
290.0	2741.56
291.0	2749.43
292.0	2757.31
293.0	2765.18
294.0	2773.06
295.0	2780.93
296.0	2788.81
297.0	2796.68
298.0	2804.56
299.0	2812.43
300.0	2820.3
301.0	2962.85
302.0	2971.1
303.0	2979.35
304.0	2987.6
305.0	2995.85
306.0	3004.1
307.0	3012.35
308.0	3020.6
309.0	3028.85
310.0	3037.1
311.0	3045.35
312.0	3053.6
313.0	3061.85
314.0	3070.1
315.0	3078.35
316.0	3086.6
317.0	3094.85
318.0	3103.1
319.0	3111.35
320.0	3119.6
321.0	3127.85
322.0	3136.1
323.0	3144.35
324.0	3152.6
325.0	3160.85
326.0	3169.1
327.0	3177.35
328.0	3185.6
329.0	3193.85
330.0	3202.1
331.0	3210.35
332.0	3218.6
333.0	3226.85
334.0	3235.1
335.0	3243.35
336.0	3251.6
337.0	3259.85
338.0	3268.1
339.0	3276.35
340.0	3284.6
341.0	3292.85
342.0	3301.1
343.0	3309.35
344.0	3317.6
345.0	3325.85
346.0	3334.1
347.0	3342.35
348.0	3350.6
349.0	3358.85
350.0	3367.1
351.0	3375.35
352.0	3383.6
353.0	3391.85
354.0	3400.1
355.0	3408.35
356.0	3416.6
357.0	3424.85
358.0	3433.1
359.0	3441.35
360.0	3449.6
361.0	3457.85
362.0	3466.1
363.0	3474.35
364.0	3482.6
365.0	3490.85
366.0	3499.1
367.0	3507.35
368.0	3515.6
369.0	3523.85
370.0	3532.1
371.0	3540.35
372.0	3548.6
373.0	3556.85
374.0	3565.1
375.0	3573.35
376.0	3581.6
377.0	3589.85
378.0	3598.1
379.0	3606.35
380.0	3614.6
381.0	3622.85
382.0	3631.1
383.0	3639.35
384.0	3647.6
385.0	3655.85
386.0	3664.1
387.0	3672.35
388.0	3680.6
389.0	3688.85
390.0	3697.1
391.0	3705.35
392.0	3713.6
393.0	3721.85
394.0	3730.1
395.0	3738.35
396.0	3746.6
397.0	3754.85
398.0	3763.1
399.0	3771.35
400.0	3779.6
401.0	3787.85
402.0	3796.1
403.0	3804.35
404.0	3812.6
405.0	3820.85
406.0	3829.1
407.0	3837.35
408.0	3845.6
409.0	3853.85
410.0	3862.1
411.0	3870.35
412.0	3878.6
413.0	3886.85
414.0	3895.1
415.0	3903.35
416.0	3911.6
417.0	3919.85
418.0	3928.1
419.0	3936.35
420.0	3944.6
421.0	3952.85
422.0	3961.1
423.0	3969.35
424.0	3977.6
425.0	3985.85
426.0	3994.1
427.0	4002.35
428.0	4010.6
429.0	4018.85
430.0	4027.1
431.0	4035.35
432.0	4043.6
433.0	4051.85
434.0	4060.1
435.0	4068.35
436.0	4076.6
437.0	4084.85
438.0	4093.1
439.0	4101.35
440.0	4109.6
441.0	4117.85
442.0	4126.1
443.0	4134.35
444.0	4142.6
445.0	4150.85
446.0	4159.1
447.0	4167.35
448.0	4175.6
449.0	4183.85
450.0	4192.1
451.0	4200.35
452.0	4208.6
453.0	4216.85
454.0	4225.1
455.0	4233.35
456.0	4241.6
457.0	4249.85
458.0	4258.1
459.0	4266.35
460.0	4274.6
461.0	4282.85
462.0	4291.1
463.0	4299.35
464.0	4307.6
465.0	4315.85
466.0	4324.1
467.0	4332.35
468.0	4340.6
469.0	4348.85
470.0	4357.1
471.0	4365.35
472.0	4373.6
473.0	4381.85
474.0	4390.1
475.0	4398.35
476.0	4406.6
477.0	4414.85
478.0	4423.1
479.0	4431.35
480.0	4439.6
481.0	4447.85
482.0	4456.1
483.0	4464.35
484.0	4472.6
485.0	4480.85
486.0	4489.1
487.0	4497.35
488.0	4505.6
489.0	4513.85
490.0	4522.1
491.0	4530.35
492.0	4538.6
493.0	4546.85
494.0	4555.1
495.0	4563.35
496.0	4571.6
497.0	4579.85
498.0	4588.1
499.0	4596.35
500.0	4604.6
501.0	4612.85
502.0	4621.1
503.0	4629.35
504.0	4637.6
505.0	4645.85
506.0	4654.1
507.0	4662.35
508.0	4670.6
509.0	4678.85
510.0	4687.1
511.0	4695.35
512.0	4703.6
513.0	4711.85
514.0	4720.1
515.0	4728.35
516.0	4736.6
517.0	4744.85
518.0	4753.1
519.0	4761.35
520.0	4769.6
521.0	4777.85
522.0	4786.1
523.0	4794.35
524.0	4802.6
525.0	4810.85
526.0	4819.1
527.0	4827.35
528.0	4835.6
529.0	4843.85
530.0	4852.1
531.0	4860.35
532.0	4868.6
533.0	4876.85
534.0	4885.1
535.0	4893.35
536.0	4901.6
537.0	4909.85
538.0	4918.1
539.0	4926.35
540.0	4934.6
541.0	4942.85
542.0	4951.1
543.0	4959.35
544.0	4967.6
545.0	4975.85
546.0	4984.1
547.0	4992.35
548.0	5000.6
549.0	5008.85
550.0	5017.1
551.0	5025.35
552.0	5033.6
553.0	5041.85
554.0	5050.1
555.0	5058.35
556.0	5066.6
557.0	5074.85
558.0	5083.1
559.0	5091.35
560.0	5099.6
561.0	5107.85
562.0	5116.1
563.0	5124.35
564.0	5132.6
565.0	5140.85
566.0	5149.1
567.0	5157.35
568.0	5165.6
569.0	5173.85
570.0	5182.1
571.0	5190.35
572.0	5198.6
573.0	5206.85
574.0	5215.1
575.0	5223.35
576.0	5231.6
577.0	5239.85
578.0	5248.1
579.0	5256.35
580.0	5264.6
581.0	5272.85
582.0	5281.1
583.0	5289.35
584.0	5297.6
585.0	5305.85
586.0	5314.1
587.0	5322.35
588.0	5330.6
589.0	5338.85
590.0	5347.1
591.0	5355.35
592.0	5363.6
593.0	5371.85
594.0	5380.1
595.0	5388.35
596.0	5396.6
597.0	5404.85
598.0	5413.1
599.0	5421.35
600.0	5429.6
601.0	5437.85
602.0	5446.1
603.0	5454.35
604.0	5462.6
605.0	5470.85
606.0	5479.1
607.0	5487.35
608.0	5495.6
609.0	5503.85
610.0	5512.1
611.0	5520.35
612.0	5528.6
613.0	5536.85
614.0	5545.1
615.0	5553.35
616.0	5561.6
617.0	5569.85
618.0	5578.1
619.0	5586.35
620.0	5594.6
621.0	5602.85
622.0	5611.1
623.0	5619.35
624.0	5627.6
625.0	5635.85
626.0	5644.1
627.0	5652.35
628.0	5660.6
629.0	5668.85
630.0	5677.1
631.0	5685.35
632.0	5693.6
633.0	5701.85
634.0	5710.1
635.0	5718.35
636.0	5726.6
637.0	5734.85
638.0	5743.1
639.0	5751.35
640.0	5759.6
641.0	5767.85
642.0	5776.1
643.0	5784.35
644.0	5792.6
645.0	5800.85
646.0	5809.1
647.0	5817.35
648.0	5825.6
649.0	5833.85
650.0	5842.1
651.0	5850.35
652.0	5858.6
653.0	5866.85
654.0	5875.1
655.0	5883.35
656.0	5891.6
657.0	5899.85
658.0	5908.1
659.0	5916.35
660.0	5924.6
661.0	5932.85
662.0	5941.1
663.0	5949.35
664.0	5957.6
665.0	5965.85
666.0	5974.1
667.0	5982.35
668.0	5990.6
669.0	5998.85
670.0	6007.1
671.0	6015.35
672.0	6023.6
673.0	6031.85
674.0	6040.1
675.0	6048.35
676.0	6056.6
677.0	6064.85
678.0	6073.1
679.0	6081.35
680.0	6089.6
681.0	6097.85
682.0	6106.1
683.0	6114.35
684.0	6122.6
685.0	6130.85
686.0	6139.1
687.0	6147.35
688.0	6155.6
689.0	6163.85
690.0	6172.1
691.0	6180.35
692.0	6188.6
693.0	6196.85
694.0	6205.1
695.0	6213.35
696.0	6221.6
697.0	6229.85
698.0	6238.1
699.0	6246.35
700.0	6254.6
701.0	6262.85
702.0	6271.1
703.0	6279.35
704.0	6287.6
705.0	6295.85
706.0	6304.1
707.0	6312.35
708.0	6320.6
709.0	6328.85
710.0	6337.1
711.0	6345.35
712.0	6353.6
713.0	6361.85
714.0	6370.1
715.0	6378.35
716.0	6386.6
717.0	6394.85
718.0	6403.1
719.0	6411.35
720.0	6419.6
721.0	6427.85
722.0	6436.1
723.0	6444.35
724.0	6452.6
725.0	6460.85
726.0	6469.1
727.0	6477.35
728.0	6485.6
729.0	6493.85
730.0	6502.1
731.0	6510.35
732.0	6518.6
733.0	6526.85
734.0	6535.1
735.0	6543.35
736.0	6551.6
737.0	6559.85
738.0	6568.1
739.0	6576.35
740.0	6584.6
741.0	6592.85
742.0	6601.1
743.0	6609.35
744.0	6617.6
745.0	6625.85
746.0	6634.1
747.0	6642.35
748.0	6650.6
749.0	6658.85
750.0	6667.1
751.0	6675.35
752.0	6683.6
753.0	6691.85
754.0	6700.1
755.0	6708.35
756.0	6716.6
757.0	6724.85
758.0	6733.1
759.0	6741.35
760.0	6749.6
761.0	6757.85
762.0	6766.1
763.0	6774.35
764.0	6782.6
765.0	6790.85
766.0	6799.1
767.0	6807.35
768.0	6815.6
769.0	6823.85
770.0	6832.1
771.0	6840.35
772.0	6848.6
773.0	6856.85
774.0	6865.1
775.0	6873.35
776.0	6881.6
777.0	6889.85
778.0	6898.1
779.0	6906.35
780.0	6914.6
781.0	6922.85
782.0	6931.1
783.0	6939.35
784.0	6947.6
785.0	6955.85
786.0	6964.1
787.0	6972.35
788.0	6980.6
789.0	6988.85
790.0	6997.1
791.0	7005.35
792.0	7013.6
793.0	7021.85
794.0	7030.1
795.0	7038.35
796.0	7046.6
797.0	7054.85
798.0	7063.1
799.0	7071.35
800.0	7079.6
801.0	7087.85
802.0	7096.1
803.0	7104.35
804.0	7112.6
805.0	7120.85
806.0	7129.1
807.0	7137.35
808.0	7145.6
809.0	7153.85
810.0	7162.1
811.0	7170.35
812.0	7178.6
813.0	7186.85
814.0	7195.1
815.0	7203.35
816.0	7211.6
817.0	7219.85
818.0	7228.1
819.0	7236.35
820.0	7244.6
821.0	7252.85
822.0	7261.1
823.0	7269.35
824.0	7277.6
825.0	7285.85
826.0	7294.1
827.0	7302.35
828.0	7310.6
829.0	7318.85
830.0	7327.1
831.0	7335.35
832.0	7343.6
833.0	7351.85
834.0	7360.1
835.0	7368.35
836.0	7376.6
837.0	7384.85
838.0	7393.1
839.0	7401.35
840.0	7409.6
841.0	7417.85
842.0	7426.1
843.0	7434.35
844.0	7442.6
845.0	7450.85
846.0	7459.1
847.0	7467.35
848.0	7475.6
849.0	7483.85
850.0	7492.1
851.0	7500.35
852.0	7508.6
853.0	7516.85
854.0	7525.1
855.0	7533.35
856.0	7541.6
857.0	7549.85
858.0	7558.1
859.0	7566.35
860.0	7574.6
861.0	7582.85
862.0	7591.1
863.0	7599.35
864.0	7607.6
865.0	7615.85
866.0	7624.1
867.0	7632.35
868.0	7640.6
869.0	7648.85
870.0	7657.1
871.0	7665.35
872.0	7673.6
873.0	7681.85
874.0	7690.1
875.0	7698.35
876.0	7706.6
877.0	7714.85
878.0	7723.1
879.0	7731.35
880.0	7739.6
881.0	7747.85
882.0	7756.1
883.0	7764.35
884.0	7772.6
885.0	7780.85
886.0	7789.1
887.0	7797.35
888.0	7805.6
889.0	7813.85
890.0	7822.1
891.0	7830.35
892.0	7838.6
893.0	7846.85
894.0	7855.1
895.0	7863.35
896.0	7871.6
897.0	7879.85
898.0	7888.1
899.0	7896.35
900.0	7904.6
901.0	7912.85
902.0	7921.1
903.0	7929.35
904.0	7937.6
905.0	7945.85
906.0	7954.1
907.0	7962.35
908.0	7970.6
909.0	7978.85
910.0	7987.1
911.0	7995.35
912.0	8003.6
913.0	8011.85
914.0	8020.1
915.0	8028.35
916.0	8036.6
917.0	8044.85
918.0	8053.1
919.0	8061.35
920.0	8069.6
921.0	8077.85
922.0	8086.1
923.0	8094.35
924.0	8102.6
925.0	8110.85
926.0	8119.1
927.0	8127.35
928.0	8135.6
929.0	8143.85
930.0	8152.1
931.0	8160.35
932.0	8168.6
933.0	8176.85
934.0	8185.1
935.0	8193.35
936.0	8201.6
937.0	8209.85
938.0	8218.1
939.0	8226.35
940.0	8234.6
941.0	8242.85
942.0	8251.1
943.0	8259.35
944.0	8267.6
945.0	8275.85
946.0	8284.1
947.0	8292.35
948.0	8300.6
949.0	8308.85
950.0	8317.1
951.0	8325.35
952.0	8333.6
953.0	8341.85
954.0	8350.1
955.0	8358.35
956.0	8366.6
957.0	8374.85
958.0	8383.1
959.0	8391.35
960.0	8399.6
961.0	8407.85
962.0	8416.1
963.0	8424.35
964.0	8432.6
965.0	8440.85
966.0	8449.1
967.0	8457.35
968.0	8465.6
969.0	8473.85
970.0	8482.1
971.0	8490.35
972.0	8498.6
973.0	8506.85
974.0	8515.1
975.0	8523.35
976.0	8531.6
977.0	8539.85
978.0	8548.1
979.0	8556.35
980.0	8564.6
981.0	8572.85
982.0	8581.1
983.0	8589.35
984.0	8597.6
985.0	8605.85
986.0	8614.1
987.0	8622.35
988.0	8630.6
989.0	8638.85
990.0	8647.1
991.0	8655.35
992.0	8663.6
993.0	8671.85
994.0	8680.1
995.0	8688.35
996.0	8696.6
997.0	8704.85
998.0	8713.1
999.0	8721.35
1000.0	8729.6
